"Rank","Root Domain","Linking Root Domains","Domain Authority"
"1","youtube.com","22,643,469","100"	
"2","www.insightcrime.org","14,428,928","100"
"2","www.google.com","14,428,928","100"
"3","apple.com","6,490,705","100"
"4","linkedin.com","11,973,556","99"
"5","microsoft.com","5,199,868","99"
"6","support.google.com","5,431,763","99"
"7","www.blogger.com","30,078,015","99"
"8","play.google.com","3,832,659","99"
"9","docs.google.com","3,312,567","98"
"10","en.wikipedia.org","6,970,484","98"
"11","mozilla.org","2,404,114","98"
"12","youtu.be","5,151,958","98"
"13","maps.google.com","5,877,969","98"
"14","wordpress.org","11,951,116","98"
"15","cloudflare.com","6,477,302","98"
"16","bp.blogspot.com","17,891,110","97"
"17","adobe.com","2,857,757","97"
"18","googleusercontent.com","3,422,160","97"
"19","whatsapp.com","3,738,205","97"
"20","sites.google.com","2,219,738","97"
"21","europa.eu","2,243,227","97"
"22","drive.google.com","2,434,904","97"
"23","accounts.google.com","2,570,773","97"
"24","plus.google.com","11,111,354","97"
"25","vimeo.com","3,545,043","96"
"26","github.com","2,860,428","96"
"27","vk.com","1,784,841","96"
"28","facebook.com","58,722,878","96"
"29","t.me","1,239,500","96"
"30","uol.com.br","686,628","96"
"31","policies.google.com","2,737,774","96"
"32","istockphoto.com","3,618,572","96"
"33","amazon.com","4,952,592","96"
"34","search.google.com","1,499,152","95"
"35","youronlinechoices.com","577,064","95"
"36","www.weebly.com","5,309,318","95"
"37","news.google.com","804,372","95"
"38","buydomains.com","1,079,419","95"
"39","bbc.com","908,993","95"
"40","nytimes.com","2,187,278","95"
"41","cnn.com","1,640,150","95"
"42","theguardian.com","1,580,729","95"
"43","nih.gov","1,462,307","95"
"44","live.com","966,391","95"
"45","feedburner.com","1,835,419","95"
"46","enable-javascript.com","9,342,458","95"
"47","tools.google.com","1,741,035","95"
"48","google.de","1,121,378","95"
"49","bbc.co.uk","1,736,873","95"
"50","es.wikipedia.org","962,857","95"
"51","globo.com","454,868","95"
"52","google.es","478,274","95"
"53","dailymotion.com","1,136,507","95"
"54","files.wordpress.com","7,654,596","95"
"55","developers.google.com","1,118,654","95"
"56","www.yahoo.com","1,362,937","95"
"57","wikimedia.org","2,047,873","95"
"58","paypal.com","1,132,857","95"
"59","who.int","2,010,506","95"
"60","creativecommons.org","1,733,660","95"
"61","gravatar.com","12,336,055","95"
"62","line.me","905,254","95"
"63","terra.com.br","200,390","95"
"64","dropbox.com","1,103,660","95"
"65","issuu.com","996,758","95"
"66","brandbucket.com","11,187,257","95"
"67","draft.blogger.com","11,084,479","95"
"68","slideshare.net","1,004,051","95"
"69","google.co.jp","657,906","95"
"70","cpanel.net","1,768,301","95"
"71","fr.wikipedia.org","635,593","95"
"72","pt.wikipedia.org","417,628","95"
"73","jimdofree.com","1,716,340","95"
"74","shopify.com","2,562,695","95"
"75","opera.com","952,736","95"
"76","gstatic.com","628,947","95"
"77","google.com.br","297,169","95"
"78","w3.org","1,129,992","95"
"79","imdb.com","1,518,657","95"
"80","medium.com","1,747,188","95"
"81","mail.google.com","494,580","94"
"82","picasaweb.google.com","633,636","94"
"83","goo.gl","4,750,655","94"
"84","cbsnews.com","685,274","94"
"85","office.com","627,097","94"
"86","change.org","502,701","94"
"87","networkadvertising.org","746,414","94"
"88","webmd.com","811,022","94"
"89","amazon.es","192,486","94"
"90","foxnews.com","590,664","94"
"91","pixabay.com","479,375","94"
"92","time.com","840,882","94"
"93","msn.com","1,099,461","94"
"94","pinterest.com","8,640,092","94"
"95","wp.com","2,136,882","94"
"96","aliexpress.com","519,722","94"
"97","aboutads.info","630,470","94"
"98","nasa.gov","685,549","94"
"99","wikihow.com","625,696","94"
"100","elpais.com","430,526","94"
"101","yadi.sk","170,656","94"
"102","nature.com","625,237","94"
"103","independent.co.uk","772,885","94"
"104","planalto.gov.br","120,640","94"
"105","huffingtonpost.com","1,085,180","94"
"106","photos.google.com","278,533","94"
"107","bing.com","1,024,086","94"
"108","twitter.com","59,680,820","94"
"109","amazon.co.uk","782,721","94"
"110","archive.org","1,196,701","94"
"111","netvibes.com","1,222,029","94"
"112","telegraph.co.uk","1,004,556","94"
"113","marketingplatform.google....","873,499","94"
"114","mirror.co.uk","417,732","94"
"115","bit.ly","4,935,444","94"
"116","news.yahoo.com","692,402","94"
"117","amazon.co.jp","866,777","94"
"118","wsj.com","987,104","94"
"119","4shared.com","561,725","94"
"120","abril.com.br","275,434","94"
"121","ru.wikipedia.org","377,431","94"
"122","tiktok.com","734,603","94"
"123","un.org","609,219","94"
"124","samsung.com","401,674","94"
"125","plesk.com","699,512","94"
"126","forbes.com","1,416,575","94"
"127","cdc.gov","907,252","94"
"128","list-manage.com","790,336","94"
"129","businessinsider.com","863,739","94"
"130","wikia.com","510,129","94"
"131","namecheap.com","1,113,616","94"
"132","de.wikipedia.org","676,549","94"
"133","huffpost.com","1,213,325","94"
"134","forms.gle","777,860","94"
"135","hatena.ne.jp","1,528,357","94"
"136","fandom.com","623,203","94"
"137","ig.com.br","158,062","94"
"138","google.it","442,616","94"
"139","researchgate.net","721,327","94"
"140","mail.ru","484,607","94"
"141","cnet.com","745,082","94"
"142","tinyurl.com","1,435,576","94"
"143","domainmarket.com","1,070,991","94"
"144","amazon.de","559,737","94"
"145","thesun.co.uk","421,479","94"
"146","google.co.uk","600,876","94"
"147","afternic.com","3,004,079","94"
"148","dan.com","3,901,954","94"
"149","ok.ru","363,236","94"
"150","t.co","2,164,397","94"
"151","soundcloud.com","1,838,239","94"
"152","google.pl","197,147","94"
"153","dailymail.co.uk","1,126,185","94"
"154","google.fr","413,142","94"
"155","booking.com","407,868","94"
"156","shutterstock.com","530,657","94"
"157","reuters.com","942,772","94"
"158","bloomberg.com","867,098","94"
"159","estadao.com.br","136,074","94"
"160","mediafire.com","864,334","94"
"161","fb.com","463,443","94"
"162","myaccount.google.com","357,617","94"
"163","ytimg.com","953,056","94"
"164","www.gov.uk","634,869","94"
"165","storage.googleapis.com","866,547","94"
"166","wa.me","1,345,462","94"
"167","scribd.com","769,764","94"
"168","usatoday.com","871,137","94"
"169","imageshack.us","817,105","94"
"170","telegram.me","377,049","94"
"171","washingtonpost.com","1,174,009","94"
"172","myspace.com","1,376,048","94"
"173","get.google.com","643,108","94"
"174","gmail.com","215,900","93"
"175","qq.com","4,196,244","93"
"176","ikea.com","371,257","93"
"177","ea.com","213,721","93"
"178","wiktionary.org","321,480","93"
"179","cambridge.org","356,225","93"
"180","aol.com","684,944","93"
"181","mega.nz","190,575","93"
"182","springer.com","517,508","93"
"183","lefigaro.fr","228,336","93"
"184","rapidshare.com","289,792","93"
"185","wiley.com","641,382","93"
"186","as.com","159,738","93"
"187","redbull.com","165,921","93"
"188","offset.com","1,656,122","93"
"189","prezi.com","332,239","93"
"190","lemonde.fr","275,099","93"
"191","picasa.google.com","257,923","93"
"192","themeforest.net","534,224","93"
"193","newyorker.com","438,413","93"
"194","imageshack.com","460,933","93"
"195","metro.co.uk","278,668","93"
"196","icann.org","647,560","93"
"197","nypost.com","433,713","93"
"198","timeweb.ru","611,971","93"
"199","canada.ca","277,372","93"
"200","thetimes.co.uk","423,500","93"
"201","engadget.com","450,228","93"
"202","yahoo.co.jp","670,715","93"
"203","netflix.com","374,531","93"
"204","google.nl","253,268","93"
"205","sapo.pt","233,857","93"
"206","cornell.edu","468,068","93"
"207","gofundme.com","357,832","93"
"208","cpanel.com","1,039,083","93"
"209","abcnews.go.com","587,577","93"
"210","weibo.com","1,399,127","93"
"211","mozilla.com","209,796","93"
"212","ft.com","505,132","93"
"213","alexa.com","318,580","93"
"214","britannica.com","523,624","93"
"215","fb.me","342,634","93"
"216","nbcnews.com","703,246","93"
"217","www.canalblog.com","408,830","93"
"218","abc.es","208,329","93"
"219","android.com","316,876","93"
"220","gizmodo.com","411,244","93"
"221","lg.com","145,819","93"
"222","buzzfeed.com","628,430","93"
"223","sakura.ne.jp","399,841","93"
"224","arxiv.org","255,232","93"
"225","bloglovin.com","554,466","93"
"226","gooyaabitemplates.com","525,310","93"
"227","it.wikipedia.org","339,527","93"
"228","e-monsite.com","147,769","93"
"229","translate.google.com","298,130","93"
"230","php.net","663,959","93"
"231","cointernet.com.co","596,768","93"
"232","indiatimes.com","487,360","93"
"233","quora.com","452,734","93"
"234","sciencedirect.com","669,289","93"
"235","nginx.com","713,223","93"
"236","berkeley.edu","502,015","93"
"237","plos.org","315,243","93"
"238","techcrunch.com","523,050","93"
"239","photobucket.com","1,755,598","93"
"240","finance.yahoo.com","489,565","93"
"241","disqus.com","940,754","93"
"242","sciencemag.org","325,640","93"
"243","pbs.org","550,221","93"
"244","mit.edu","720,617","93"
"245","ebay.com","953,232","93"
"246","elmundo.es","243,162","93"
"247","freepik.com","349,520","93"
"248","deezer.com","167,207","93"
"249","zoom.us","661,316","93"
"250","radiofrance.fr","129,046","93"
"251","xing.com","502,102","93"
"252","wired.com","694,658","93"
"253","vice.com","414,754","93"
"254","unsplash.com","602,091","93"
"255","lexpress.fr","121,409","93"
"256","outlook.com","380,945","93"
"257","google.ru","199,976","93"
"258","instagram.com","27,404,693","93"
"259","npr.org","865,379","93"
"260","cbc.ca","501,010","93"
"261","thenai.org","506,453","93"
"262","xinhuanet.com","592,252","93"
"263","spotify.com","1,558,821","93"
"264","mashable.com","444,959","93"
"265","goodreads.com","912,949","93"
"266","akamaihd.net","594,356","93"
"267","apache.org","1,005,353","93"
"268","linktr.ee","445,327","93"
"269","www.wikipedia.org","545,123","93"
"270","webnode.page","517,736","93"
"271","theatlantic.com","583,449","93"
"272","pl.wikipedia.org","149,787","93"
"273","ted.com","642,070","93"
"274","ftc.gov","297,177","93"
"275","20minutos.es","176,990","93"
"276","lavanguardia.com","155,417","93"
"277","whitehouse.gov","408,617","93"
"278","discord.com","407,168","93"
"279","kickstarter.com","488,834","93"
"280","playstation.com","252,544","93"
"281","xbox.com","201,971","93"
"282","biglobe.ne.jp","241,226","93"
"283","akamaized.net","333,961","93"
"284","surveymonkey.com","452,145","93"
"285","nydailynews.com","398,018","93"
"286","bp2.blogger.com","558,015","93"
"287","yandex.com","1,537,801","93"
"288","ca.gov","533,307","93"
"289","google.co.in","280,485","93"
"290","code.google.com","323,575","93"
"291","ovh.com","530,673","93"
"292","id.wikipedia.org","542,840","93"
"293","addtoany.com","707,564","93"
"294","groups.google.com","360,435","93"
"295","pexels.com","346,932","93"
"296","skype.com","440,667","93"
"297","detik.com","427,381","93"
"298","clickbank.net","480,266","93"
"299","books.google.com","442,192","93"
"300","ouest-france.fr","125,602","93"
"301","doi.org","533,246","93"
"302","instructables.com","357,677","93"
"303","hugedomains.com","16,408,499","93"
"304","leparisien.fr","144,874","93"
"305","express.co.uk","385,850","93"
"306","spiegel.de","372,444","93"
"307","photos1.blogger.com","883,739","93"
"308","steampowered.com","292,340","93"
"309","latimes.com","742,842","93"
"310","secureserver.net","981,577","93"
"311","ja.wikipedia.org","368,740","93"
"312","vkontakte.ru","357,221","93"
"313","clarin.com","147,651","93"
"314","dreamstime.com","435,634","93"
"315","ipv4.google.com","335,451","93"
"316","huawei.com","1,954,158","93"
"317","target.com","300,731","93"
"318","tripadvisor.com","742,483","93"
"319","www.gov.br","162,214","93"
"320","disney.com","256,644","93"
"321","abc.net.au","422,160","93"
"322","rtve.es","191,370","93"
"323","hp.com","487,861","93"
"324","oracle.com","609,800","93"
"325","dw.com","402,698","93"
"326","walmart.com","354,677","93"
"327","eventbrite.com","659,681","93"
"328","naver.com","522,306","93"
"329","economist.com","391,655","93"
"330","hubspot.com","341,014","93"
"331","cnil.fr","226,329","93"
"332","rt.com","321,005","93"
"333","newsweek.com","402,669","93"
"334","ietf.org","394,632","93"
"335","www.over-blog.com","814,333","93"
"336","sputniknews.com","192,550","93"
"337","insider.com","374,818","93"
"338","ssl-images-amazon.com","573,346","93"
"339","cnbc.com","583,082","93"
"340","sciencedaily.com","373,348","93"
"341","godaddy.com","2,529,585","93"
"342","bandcamp.com","623,036","93"
"343","yandex.ru","1,030,604","93"
"344","ibm.com","520,758","93"
"345","m.wikipedia.org","330,790","93"
"346","adssettings.google.com","405,677","93"
"347","sendspace.com","153,618","93"
"348","unesco.org","342,887","93"
"349","amzn.to","967,705","93"
"350","blog.fc2.com","387,510","93"
"351","washington.edu","379,710","93"
"352","stanford.edu","649,820","93"
"353","discord.gg","368,854","93"
"354","rambler.ru","943,084","93"
"355","doubleclick.net","596,276","93"
"356","zendesk.com","523,995","93"
"357","pinterest.fr","128,061","93"
"358","search.yahoo.com","470,800","93"
"359","alicdn.com","539,814","93"
"360","amazon.fr","258,550","93"
"361","yelp.com","951,327","93"
"362","espn.com","398,815","93"
"363","urbandictionary.com","260,264","93"
"364","privacyshield.gov","432,297","93"
"365","addthis.com","661,364","93"
"366","amazon.it","158,335","93"
"367","windows.net","420,612","93"
"368","nationalgeographic.com","643,006","93"
"369","twitch.tv","475,584","93"
"370","rakuten.co.jp","648,993","93"
"371","theverge.com","416,905","93"
"372","liveinternet.ru","343,586","93"
"373","oup.com","423,809","93"
"374","harvard.edu","777,590","93"
"375","google.ca","343,953","93"
"376","about.com","749,826","93"
"377","psychologytoday.com","392,597","93"
"378","nginx.org","803,493","93"
"379","www.wix.com","732,965","93"
"380","googleblog.com","268,591","93"
"381","sedo.com","2,781,473","93"
"382","ziddu.com","191,147","93"
"383","reg.ru","429,006","93"
"384","gnu.org","588,133","93"
"385","ggpht.com","789,739","93"
"386","francetvinfo.fr","176,509","93"
"387","academia.edu","397,724","93"
"388","guardian.co.uk","609,958","93"
"389","netlify.app","388,147","93"
"390","ria.ru","198,695","93"
"391","www.livejournal.com","3,013,369","93"
"392","variety.com","311,469","92"
"393","debian.org","413,930","92"
"394","rottentomatoes.com","257,967","92"
"395","allaboutcookies.org","418,556","92"
"396","vox.com","475,031","92"
"397","flickr.com","9,108,161","92"
"398","goal.com","145,251","92"
"399","umich.edu","361,477","92"
"400","calameo.com","178,770","92"
"401","nikkei.com","252,681","92"
"402","tmz.com","233,088","92"
"403","snapchat.com","215,067","92"
"404","lifehacker.com","239,371","92"
"405","scoop.it","371,995","92"
"406","chinadaily.com.cn","291,599","92"
"407","iso.org","216,382","92"
"408","ovhcloud.com","527,249","92"
"409","ox.ac.uk","283,270","92"
"410","frontiersin.org","232,973","92"
"411","digitaltrends.com","248,376","92"
"412","ucla.edu","282,532","92"
"413","zdf.de","146,397","92"
"414","google.com.au","223,771","92"
"415","rbc.ru","131,737","92"
"416","epa.gov","370,431","92"
"417","viglink.com","403,259","92"
"418","sec.gov","218,124","92"
"419","redhat.com","239,600","92"
"420","usnews.com","466,942","92"
"421","wordreference.com","127,712","92"
"422","m.me","245,428","92"
"423","adweek.com","207,217","92"
"424","ameba.jp","163,388","92"
"425","focus.de","162,223","92"
"426","faz.net","194,974","92"
"427","corriere.it","183,470","92"
"428","stackoverflow.com","394,271","92"
"429","airbnb.com","227,872","92"
"430","archives.gov","277,277","92"
"431","ovh.co.uk","386,577","92"
"432","impress.co.jp","129,164","92"
"433","prestashop.com","159,387","92"
"434","steamcommunity.com","207,099","92"
"435","about.me","365,048","92"
"436","storage.canalblog.com","315,103","92"
"437","oecd.org","215,408","92"
"438","mysql.com","425,173","92"
"439","usgs.gov","242,901","92"
"440","podcasts.google.com","129,837","92"
"441","answers.com","257,670","92"
"442","my.yahoo.com","1,198,350","92"
"443","si.edu","300,730","92"
"444","reddit.com","6,936,210","92"
"445","abc.com","175,045","92"
"446","amazon.ca","240,540","92"
"447","tabelog.com","153,723","92"
"448","pcmag.com","304,708","92"
"449","liberation.fr","128,661","92"
"450","lycos.com","684,416","92"
"451","zh.wikipedia.org","264,212","92"
"452","sina.com.cn","1,005,690","92"
"453","prnewswire.com","462,245","92"
"454","hm.com","193,577","92"
"455","utexas.edu","285,764","92"
"456","fifa.com","186,522","92"
"457","alibaba.com","405,044","92"
"458","theglobeandmail.com","269,516","92"
"459","orange.fr","179,614","92"
"460","ebay.de","130,420","92"
"461","state.gov","343,735","92"
"462","smh.com.au","319,248","92"
"463","gfycat.com","151,837","92"
"464","ctvnews.ca","197,532","92"
"465","coursera.org","193,109","92"
"466","pewresearch.org","322,435","92"
"467","namesilo.com","317,362","92"
"468","public-api.wordpress.com","191,932","92"
"469","zdnet.com","311,729","92"
"470","pinterest.de","133,734","92"
"471","pinterest.co.uk","234,187","92"
"472","oreilly.com","263,015","92"
"473","dynadot.com","847,311","92"
"474","fbsbx.com","557,712","92"
"475","lenta.ru","128,316","92"
"476","asahi.com","200,303","92"
"477","naver.jp","146,603","92"
"478","example.com","283,057","92"
"479","uber.com","153,281","92"
"480","amazon.in","209,749","92"
"481","scientificamerican.com","339,873","92"
"482","video.google.com","218,741","92"
"483","ibb.co","168,747","92"
"484","thedailybeast.com","281,992","92"
"485","businesswire.com","346,683","92"
"486","mystrikingly.com","381,447","92"
"487","ieee.org","251,673","92"
"488","psu.edu","337,182","92"
"489","depositfiles.com","143,046","92"
"490","pnas.org","243,877","92"
"491","fda.gov","386,401","92"
"492","usda.gov","418,921","92"
"493","geocities.com","555,202","92"
"494","sagepub.com","358,235","92"
"495","thoughtco.com","372,617","92"
"496","bp3.blogger.com","557,741","92"
"497","ebay.co.uk","223,588","92"
"498","bigcommerce.com","336,766","92"
"499","fortune.com","298,608","92"
"500","billboard.com","236,293","92"
